fiyat;model;yil;km;vites;yakit;renk;boyaDegisen
525000;Grande 1.4 Fire Active;2007;62000;Yarý Otomatik;Benzin;Kýrmýzý; Tamamý orijinal 
595000;EVO 1.4 Dynamic;2012;115000;Düz;LPG & Benzin;Beyaz; 8 boyalý 
505000;Grande 1.4 Fire S&S;2011;50000;Düz;Benzin;Beyaz; Tamamý orijinal 
475000;1.3 Multijet Pop;2013;150000;Düz;Dizel;Beyaz; Tamamý orijinal 
407500;EVO 1.3 Multijet Dynamic;2011;275000;Düz;Dizel;Mavi; 2 deðiþen, 4 boyalý 
475000;EVO 1.3 Multijet Active;2011;161000;Düz;Dizel;Siyah; 1 boyalý 
367000;1.3 Multijet Pop;2012;275000;Düz;Dizel;Beyaz; Tamamý orijinal 
510000;EVO 1.3 Multijet Dynamic;2011;150000;Düz;Dizel;Beyaz; Tamamý orijinal 
513999;Grande 1.4 Fire S&S;2013;101000;Yarý Otomatik;LPG & Benzin;Beyaz; 1 deðiþen, 1 boyalý 
425000;Grande 1.3 Multijet Emotion;2007;257000;Yarý Otomatik;Dizel;Kýrmýzý; 1 deðiþen 
465000;Grande 1.4 Fire Active;2009;119000;Düz;LPG & Benzin;Gri (Gümüþ); Tamamý orijinal 
409000;Grande 1.3 Multijet Active;2012;240000;Düz;Dizel;Gri (Gümüþ); Tamamý orijinal 
360000;Grande 1.3 Multijet 1.3 Multijet;2011;271000;Düz;Dizel;Beyaz; Tamamý orijinal 
350000;Grande 1.3 Multijet Active;2007;240000;Düz;Dizel;Gri; 8 boyalý 
441000;Grande 1.3 Multijet Dynamic;2009;148000;Yarý Otomatik;Dizel;Beyaz; 1 deðiþen, 7 boyalý 
560000;EVO 1.4 Dynamic;2011;135645;Düz;Benzin;Beyaz; Tamamý orijinal 
415000;EVO 1.3 Multijet Dynamic;2012;178000;Düz;Dizel;Beyaz; 2 deðiþen, 4 boyalý 
350000;1.3 Multijet Pop;2013;265000;Düz;Dizel;Beyaz; 4 deðiþen 
450000;EVO 1.4 Dynamic;2011;156000;Düz;LPG & Benzin;Beyaz; Tamamý orijinal 
325000;Grande 1.3 Multijet Dynamic;2006;293000;Düz;Dizel;Kýrmýzý; Tamamý orijinal 
450000;Grande 1.4 Fire Active;2009;180000;Düz;LPG & Benzin;Kýrmýzý; 1 deðiþen, 3 boyalý 
554000;1.4 Popstar S&S;2017;88819;Düz;LPG & Benzin;Beyaz; Tamamý orijinal 
392500;Grande 1.3 Multijet Active;2011;219500;Düz;Dizel;Beyaz; 3 deðiþen, 7 boyalý 
515000;1.4 Pop S&S;2013;124976;Düz;LPG & Benzin;Beyaz; 1 boyalý 
390000;Grande 1.3 Multijet Dynamic;2007;224000;Düz;Dizel;Mavi (metalik); Tamamý orijinal 
475000;Grande 1.2 S5;2010;187000;Düz;LPG & Benzin;Siyah; Tamamý orijinal 
595000;EVO 1.3 Multijet Dynamic;2011;41000;Düz;Dizel;Beyaz; Tamamý orijinal 
510000;1.3 Multijet Easy;2012;150000;Düz;Dizel;Gri; Tamamý orijinal 
575000;1.4 Easy S&S;2013;113000;Yarý Otomatik;Benzin;Kýrmýzý; Tamamý orijinal 
565000;1.3 Multijet Easy;2012;199999;Yarý Otomatik;Dizel;Siyah; Tamamý orijinal 
326000;Grande 1.4 Fire Active;2006;200300;Düz;LPG & Benzin;Siyah; 1 deðiþen, 3 boyalý 
380000;1.3 Multijet Dynamic;2006;275000;Düz;Dizel;Lacivert; Tamamý orijinal 
532000;Grande 1.4 Fire Dynamic;2011;140000;Yarý Otomatik;LPG & Benzin;Gri (Gümüþ); 10 boyalý 
415000;Grande 1.4 Fire Active;2009;167000;Düz;LPG & Benzin;Siyah; 4 boyalý 
460000;1.4 Easy S&S;2013;114000;Yarý Otomatik;LPG & Benzin;Siyah; 9 boyalý 
335000;1.3 Multijet Pop;2012;344000;Düz;Dizel;Beyaz; 1 deðiþen, 7 boyalý 
575000;1.3 Multijet Lounge;2012;145000;Yarý Otomatik;Dizel;Beyaz; Tamamý orijinal 
480000;1.4 Pop S&S;2013;148000;Düz;LPG & Benzin;Gri; 1 boyalý 
398750;EVO 1.3 Multijet Dynamic;2011;245000;Düz;Dizel;Gri (Gümüþ); 2 deðiþen, 7 boyalý 
539000;Grande 1.4 Fire Dynamic;2010;99000;Yarý Otomatik;LPG & Benzin;Gri (Gümüþ); 6 boyalý 
450000;Grande 1.4 Fire Dynamic;2007;190000;Düz;LPG & Benzin;Lacivert; 3 boyalý 
437000;Grande 1.3 Multijet Active;2011;206000;Düz;Dizel;Beyaz; Tamamý orijinal 
420000;EVO 1.4 Fire Dynamic;2011;164600;Düz;LPG & Benzin;Siyah; 1 deðiþen, 3 boyalý 
415000;Grande 1.4 Fire Dynamic;2007;167000;Yarý Otomatik;LPG & Benzin;Kýrmýzý; Tamamý orijinal 
550000;EVO 1.4 Active;2011;155000;Yarý Otomatik;LPG & Benzin;Siyah; Tamamý orijinal 
470000;1.3 Multijet Pop;2012;164000;Düz;Dizel;Beyaz; 4 boyalý 
420000;Grande 1.3 Multijet Dynamic;2008;222000;Düz;Dizel;Siyah; 1 boyalý 
337500;Grande 1.3 Multijet Active;2007;253000;Düz;Dizel;Gri (Gümüþ); Tamamý orijinal 
735000;1.3 Multijet Popstar;2015;115251;Düz;Dizel;Beyaz; 1 boyalý 
550000;Grande 1.3 Multijet Active;2009;87300;Düz;Dizel;Beyaz; 1 boyalý 
385000;1.3 Multijet Dynamic;2008;225000;Otomatik;Dizel;Gri; 9 boyalý 
375000;1.2 Pop;2014;170000;Düz;LPG & Benzin;Beyaz; 1 deðiþen, 1 boyalý 
270000;1.3 Multijet Dynamic;2005;296000;Düz;Dizel;Gri; 2 boyalý 
440000;Grande 1.3 Multijet Active;2011;164000;Düz;Dizel;Gri; 1 deðiþen, 10 boyalý 
465000;EVO 1.3 Multijet Active;2011;132000;Düz;Dizel;Gri (Gümüþ); Tamamý orijinal 
449500;Grande 1.4 Fire Active;2008;212000;Yarý Otomatik;LPG & Benzin;Gri (Gümüþ); 7 boyalý 
490000;Grande 1.4 Fire Active;2010;106000;Düz;LPG & Benzin;Gri (Gümüþ); Tamamý orijinal 
330000;Grande 1.3 Multijet Active;2006;267000;Düz;Dizel;Gri (titanyum); 1 deðiþen, 6 boyalý 
375000;1.3 Multijet Dynamic;2006;263000;Düz;Dizel;Füme; Tamamý orijinal 
585000;1.4 Easy S&S;2016;98000;Yarý Otomatik;Benzin;Beyaz; Tamamý orijinal 
457000;Grande 1.4 Fire Dynamic;2008;197000;Yarý Otomatik;Benzin;Kýrmýzý; Tamamý orijinal 
455000;Grande 1.3 Multijet Active;2011;164000;Düz;Dizel;Gri (Gümüþ); Tamamý orijinal 
505000;1.4 Pop S&S;2014;192000;Düz;LPG & Benzin;Beyaz; Tamamý orijinal 
350000;1.2 Pop;2004;250000;Yarý Otomatik;Benzin;Gri (metalik); 1 deðiþen 
395000;EVO 1.3 Multijet Active;2009;217000;Düz;Dizel;Gri (titanyum); 4 boyalý 
525000;EVO 1.4 Active;2011;58000;Otomatik;Benzin;Kýrmýzý; Tamamý orijinal 
385000;Grande 1.3 Multijet Dynamic;2007;182290;Yarý Otomatik;Dizel;Gri (titanyum); Tamamý orijinal 
515000;Grande 1.4 Fire Dynamic;2009;186000;Yarý Otomatik;LPG & Benzin;Gri (titanyum); 9 boyalý 
420000;Grande 1.3 Multijet Dynamic;2008;183000;Düz;Dizel;Gri (titanyum); Tamamý orijinal 
300000;1.3 Multijet Dynamic;2005;290000;Düz;Dizel;Mavi; 2 boyalý 
480000;1.3 Multijet Popstar;2014;220000;Düz;Dizel;Beyaz; 5 boyalý 
505000;EVO 1.4 Dynamic;2013;75500;Düz;LPG & Benzin;Gri; 2 boyalý 
285000;Grande 1.3 Multijet Active;2006;370000;Düz;Dizel;Kýrmýzý; Tamamý orijinal 
450000;EVO 1.4 Active;2011;127500;Düz;LPG & Benzin;Gri (Gümüþ); 3 boyalý 
519750;1.3 Multijet Popstar;2014;189000;Düz;Dizel;Beyaz; Tamamý orijinal 
390000;Grande 1.3 Multijet Active;2006;260000;Düz;Dizel;Gri (metalik); 1 deðiþen, 3 boyalý 
445000;Grande 1.4 Fire Dynamic;2008;117500;Düz;Benzin;Gri (Gümüþ); Tamamý orijinal 
385500;1.3 Multijet Pop;2012;205000;Düz;Dizel;Gri; 4 boyalý 
380000;1.3 Multijet Dynamic;2009;230000;Düz;Dizel;Siyah;Tamamý orijinal
463000;EVO 1.3 Multijet Active;2011;255000;Düz;Dizel;Siyah; 4 boyalý 
327000;Grande 1.4 Fire Dynamic;2007;153000;Düz;LPG & Benzin;Gri (metalik); Tamamý orijinal 
478000;Grande 1.3 Multijet Dynamic;2007;164000;Yarý Otomatik;Dizel;Gri (Gümüþ); Tamamý orijinal 
470000;EVO 1.4 Fire My Life;2011;155000;Düz;LPG & Benzin;Beyaz; Tamamý orijinal 
329900;1.2 Dynamic;2006;214000;Otomatik;Benzin;Gri; Tamamý orijinal 
360000;1.3 Multijet Dynamic;2005;295000;Düz;Dizel;Füme; Tamamý orijinal 
555000;Grande 1.4 T-Jet Dynamic;2008;186000;Düz;LPG & Benzin;Siyah; 2 boyalý 
398500;Grande 1.3 Multijet Dynamic;2011;220100;Düz;Dizel;Gri (Gümüþ); 2 deðiþen, 5 boyalý 
455000;EVO 1.4 Active;2010;319000;Yarý Otomatik;LPG & Benzin;Gri (titanyum); 11 boyalý 
419000;Grande 1.4 Fire Active;2006;59000;Düz;Benzin;Gri; 5 boyalý 
445000;Grande 1.3 Multijet Dynamic;2007;242004;Yarý Otomatik;Dizel;Kýrmýzý; Tamamý orijinal 
375000;1.4 Dynamic;2006;206444;Düz;Benzin;Gri; Tamamý orijinal 
575000;1.4 Mair Lounge S&S;2012;103000;Düz;Benzin;Mavi (metalik); Tamamý orijinal 
425000;1.3 Multijet Easy;2012;225000;Düz;Dizel;Gri (metalik); 1 deðiþen, 11 boyalý 
510000;EVO 1.3 Multijet Dynamic;2011;108008;Düz;Dizel;Gri (Gümüþ); 3 boyalý 
320000;1.3 JTD;2005;350000;Düz;Dizel;Lacivert; 1 deðiþen 
490000;Grande 1.4 Fire Active;2008;127000;Yarý Otomatik;Benzin;Kýrmýzý; 3 boyalý 
470000;Grande 1.4 Fire Active;2008;145000;Yarý Otomatik;Benzin;Kýrmýzý; Tamamý orijinal 
430000;Grande 1.3 Multijet Dynamic;2006;230000;Düz;Dizel;Gri (metalik); 1 deðiþen, 2 boyalý 
385000;Grande 1.3 Multijet 1.3 Multijet;2011;225000;Düz;Dizel;Beyaz; Tamamý orijinal 
460000;Grande 1.4 Fire Active;2008;54000;Yarý Otomatik;Benzin;Siyah; 4 boyalý 
410000;1.3 Multijet Pop;2012;212500;Düz;Dizel;Siyah; 3 boyalý 
405000;Grande 1.3 Multijet Dynamic;2009;215000;Düz;Dizel;Siyah; 1 boyalý 
570000;1.2 Popstar;2014;154750;Düz;Benzin;Bej; 2 deðiþen, 3 boyalý 
575750;EVO 1.3 Multijet Dynamic;2011;144000;Yarý Otomatik;Dizel;Beyaz; Tamamý orijinal 
429000;EVO 1.3 Multijet Active;2011;161000;Düz;Dizel;Siyah; 1 boyalý 
435000;EVO 1.3 Multijet Active;2011;173400;Düz;Dizel;Gri; 1 deðiþen, 7 boyalý 
350000;Grande 1.3 Multijet Dynamic;2006;271000;Düz;Dizel;Kýrmýzý; 3 boyalý 
540000;1.3 Multijet Easy;2012;151000;Düz;Dizel;Yeþil (metalik); Tamamý orijinal 
539900;Grande 1.4 Fire Active;2011;115000;Yarý Otomatik;Benzin;Beyaz; Tamamý orijinal 
378000;Grande 1.3 Multijet Active;2006;200450;Düz;Dizel;Kahverengi; 4 boyalý 
370500;1.4 Dynamic;2005;166500;Düz;LPG & Benzin;Gri; 1 boyalý 
443500;1.4 Easy S&S;2012;102000;Düz;LPG & Benzin;Kýrmýzý; 7 boyalý 
530000;1.3 Multijet Lounge;2013;152500;Düz;Dizel;Siyah; 1 boyalý 
330000;1.3 Multijet Dynamic;2005;345000;Düz;Dizel;Gri (Gümüþ); Tamamý orijinal 
479900;Grande 1.3 Multijet 1.3 Multijet;2011;125357;Düz;Dizel;Gri; 3 boyalý 
450000;1.4 Easy S&S;2013;223000;Düz;LPG & Benzin;Beyaz; Tamamý orijinal 
298800;1.3 Multijet Dynamic;2004;248500;Düz;Dizel;Gri; 1 deðiþen, 7 boyalý 
494900;EVO 1.3 Multijet Active;2010;139000;Düz;Dizel;Beyaz; Tamamý orijinal 
385000;1.3 Multijet Pop;2013;303000;Düz;Dizel;Beyaz; 1 deðiþen, 6 boyalý 
430000;1.3 Multijet Easy;2012;280000;Düz;Dizel;Beyaz; 1 deðiþen, 6 boyalý 
540000;EVO 1.3 Multijet Dynamic;2011;135000;Düz;Dizel;Beyaz; 1 boyalý 
430000;Grande 1.4 Fire Active;2009;160000;Düz;LPG & Benzin;Gri; 2 deðiþen, 6 boyalý 
260000;1.3 Multijet Dynamic;2004;309000;Düz;Dizel;Mavi; Tamamý orijinal 
539000;EVO 1.4 Dynamic;2012;110000;Yarý Otomatik;Benzin;Beyaz; Tamamý orijinal 
465000;1.4 Easy S&S;2012;151000;Düz;Benzin;Beyaz; 1 deðiþen, 2 boyalý 
365000;1.3 Multijet Dynamic;2007;238000;Düz;Dizel;Siyah; 5 boyalý 
435000;1.4 Popstar S&S;2016;111000;Düz;Benzin;Kýrmýzý; Tamamý orijinal 
467500;Grande 1.3 Multijet Active;2009;198300;Düz;Dizel;Gri; 1 deðiþen 
460000;Grande 1.4 Fire Active;2008;185500;Yarý Otomatik;LPG & Benzin;Siyah; Tamamý orijinal 
575000;Grande 1.4 Fire Dynamic;2012;110000;Yarý Otomatik;Benzin;Siyah; 1 boyalý 
575000;EVO 1.4 Active;2012;95428;Yarý Otomatik;Benzin;Beyaz; Tamamý orijinal 
355000;Grande 1.3 Multijet 1.3 Multijet;2011;285000;Düz;Dizel;Gri (Gümüþ); 1 deðiþen, 3 boyalý 
449000;1.2 Pop;2012;129500;Düz;LPG & Benzin;Gri (titanyum); Tamamý orijinal 
500000;1.4 Pop S&S;2012;138000;Düz;LPG & Benzin;Gri (Gümüþ); Tamamý orijinal 
360000;1.3 Multijet Dynamic;2006;222550;Düz;Dizel;Gri; 1 boyalý 
335000;Grande 1.4 Fire Dynamic;2006;176000;Düz;LPG & Benzin;Kýrmýzý; 2 deðiþen, 11 boyalý 
528000;1.4 Easy S&S;2012;69982;Yarý Otomatik;Benzin;Kýrmýzý; 2 boyalý 
455000;Grande 1.4 Fire Active;2011;167964;Düz;LPG & Benzin;Gri (Gümüþ); 2 boyalý 
470000;1.3 Multijet Pop;2013;149300;Düz;Dizel;Beyaz; 3 boyalý 
500000;1.3 Multijet Lounge;2012;159000;Düz;Dizel;Gri (Gümüþ); Tamamý orijinal 
505000;1.3 Multijet Pop;2012;183000;Düz;Dizel;Beyaz; 3 boyalý 
415000;Grande 1.4 Fire Dynamic;2006;153000;Düz;LPG & Benzin;Gri (Gümüþ); 1 deðiþen, 10 boyalý 
430000;EVO 1.4 Multiair Dynamic;2010;249800;Düz;Benzin;Siyah; 5 boyalý 
435000;Grande 1.3 Multijet Dynamic;2008;185750;Düz;Dizel;Gri (Gümüþ); Tamamý orijinal 
610000;1.4 Popstar S&S;2014;40000;Düz;Benzin;Kýrmýzý; Tamamý orijinal 
495000;1.2 Popstar;2014;73000;Düz;Benzin;Beyaz; Tamamý orijinal 
550000;Grande 1.3 Multijet Active;2007;84000;Düz;Dizel;Beyaz; Tamamý orijinal 
350000;1.4 Dynamic;2005;158000;Düz;LPG & Benzin;Gri; Tamamý orijinal 
440000;Grande 1.3 Multijet 1.3 Multijet;2011;180000;Düz;Dizel;Gri; 3 boyalý 
340000;Grande 1.3 Multijet Active;2008;248000;Düz;Dizel;Gri; Tamamý orijinal 
584850;1.3 Multijet Lounge;2012;276000;Düz;Dizel;Siyah; Tamamý orijinal 
330000;Grande 1.3 Multijet Active;2006;270000;Düz;Dizel;Mavi; 12 boyalý 
425000;Grande 1.4 Fire Active;2007;195000;Düz;LPG & Benzin;Siyah; 4 boyalý 
268500;1.3 Multijet Shine;2006;248000;Düz;Dizel;Gri (Gümüþ); Tamamý orijinal 
450000;1.3 Multijet Pop;2013;187000;Düz;Dizel;Beyaz; 2 boyalý 
355000;Grande 1.3 Multijet Dynamic;2007;298000;Düz;Dizel;Siyah; 1 boyalý 
500000;1.4 Easy S&S;2012;157000;Düz;LPG & Benzin;Beyaz; Tamamý orijinal 
397000;Grande 1.3 Multijet Dynamic;2006;243000;Düz;Dizel;Yeþil; 7 boyalý 
495000;1.4 Pop S&S;2013;87200;Yarý Otomatik;Benzin;Beyaz; 3 boyalý 
475000;Grande 1.4 Fire Dynamic;2010;187000;Düz;LPG & Benzin;Beyaz; 1 deðiþen, 4 boyalý 
615000;Grande 1.4 Fire Dynamic;2011;46500;Yarý Otomatik;Benzin;Beyaz; Tamamý orijinal 
475000;Grande 1.3 Multijet 1.3 Multijet;2011;153000;Düz;Dizel;Beyaz; 1 boyalý 
600000;1.3 Multijet Pop;2013;85000;Düz;Dizel;Gri; Tamamý orijinal 
465000;EVO 1.3 Multijet Dynamic;2011;117000;Düz;Dizel;Gri (metalik); 1 deðiþen, 5 boyalý 
430000;1.3 Multijet Pop;2012;192000;Düz;Dizel;Beyaz; 1 deðiþen, 3 boyalý 
489000;1.2 Popstar;2015;145000;Düz;Benzin;Beyaz; Tamamý orijinal 
550000;1.4 Dynamic;2011;215000;Yarý Otomatik;LPG & Benzin;Gri (Gümüþ); Tamamý orijinal 
550000;EVO 1.4 Active;2012;110000;Düz;Benzin;Siyah; Tamamý orijinal 
460000;EVO 1.4 Active;2011;158000;Yarý Otomatik;LPG & Benzin;Beyaz; 4 boyalý 
385000;Grande 1.3 Multijet Active;2008;130900;Düz;Dizel;Mavi; 1 deðiþen, 1 boyalý 
410000;1.4 Dynamic;2007;158500;Yarý Otomatik;Benzin;Kýrmýzý; 3 boyalý 
399000;Grande 1.3 Multijet Dynamic;2007;235000;Düz;Dizel;Gri (metalik); 2 boyalý 
595000;1.4 Easy S&S;2012;101691;Yarý Otomatik;Benzin;Beyaz; Tamamý orijinal 
540000;1.3 Multijet Pop;2013;99800;Düz;Dizel;Beyaz; Tamamý orijinal 
445000;1.4 Dynamic;2006;160000;Düz;LPG & Benzin;Gri; Tamamý orijinal 
460000;Grande 1.4 Fire Active;2007;188000;Yarý Otomatik;LPG & Benzin;Siyah; 1 deðiþen, 4 boyalý 
400000;Grande 1.4 Fire Active;2007;176600;Düz;LPG & Benzin;Beyaz; 4 boyalý 
369750;Grande 1.3 Multijet Active;2008;278000;Düz;Dizel;Beyaz; 5 boyalý 
450000;Grande 1.4 Fire Dynamic;2008;197500;Yarý Otomatik;LPG & Benzin;Kahverengi; Tamamý orijinal 
435000;Grande 1.3 Multijet Active;2008;174000;Düz;Dizel;Füme; 4 boyalý 
413000;Grande 1.4 Fire Active;2008;164600;Yarý Otomatik;Benzin;Kýrmýzý; 1 deðiþen 
570000;EVO 1.4 Multiair Dynamic;2012;130000;Düz;Benzin;Beyaz; Tamamý orijinal 
345000;EVO 1.3 Multijet Active;2012;318000;Düz;Dizel;Beyaz; Tamamý orijinal 
435000;Grande 1.3 Multijet 1.3 Multijet;2014;243000;Düz;Dizel;Beyaz; 2 deðiþen, 4 boyalý 
415000;Grande 1.3 Multijet Active;2011;215000;Düz;Dizel;Beyaz; 1 deðiþen, 4 boyalý 
525000;EVO 1.4 Dynamic;2010;155000;Yarý Otomatik;LPG & Benzin;Siyah; 6 boyalý 
469900;1.3 Multijet Pop;2012;176372;Düz;Dizel;Mavi; 4 boyalý 
590000;1.3 Multijet Lounge;2012;80000;Yarý Otomatik;Dizel;Bordo; Tamamý orijinal 
545000;EVO 1.4 Fire Dynamic;2011;156000;Düz;Benzin;Siyah; 2 boyalý 
389500;1.4 Pop S&S;2012;234000;Düz;LPG & Benzin;Beyaz; 10 boyalý 
473000;Grande 1.3 Multijet Dynamic;2008;172000;Yarý Otomatik;Dizel;Siyah; Tamamý orijinal 
395000;Grande 1.4 Fire Active;2007;230000;Düz;LPG & Benzin;Kýrmýzý; 2 deðiþen, 6 boyalý 
590000;1.4 Mair Lounge S&S;2012;90000;Düz;Benzin;Siyah; 2 deðiþen 
410000;Grande 1.4 Fire Active;2007;177000;Yarý Otomatik;LPG & Benzin;Gri (Gümüþ); Tamamý orijinal 
390000;Grande 1.3 Multijet 1.3 Multijet;2011;262000;Düz;Dizel;Beyaz; 10 boyalý 
360000;EVO 1.3 Multijet Active;2011;305000;Düz;Dizel;Gri (Gümüþ); Tamamý orijinal 
540000;EVO 1.4 Fire My Life;2011;69514;Düz;LPG & Benzin;Gri; Tamamý orijinal 
380000;Grande 1.4 Fire Active;2007;192896;Otomatik;Benzin;Gri; 1 deðiþen 
553500;1.3 Multijet Pop;2014;161000;Düz;Dizel;Beyaz; Tamamý orijinal 
495000;EVO 1.3 Multijet My Life;2011;273000;Düz;Dizel;Gri (titanyum); 1 boyalý 
385000;1.2 Dynamic;2005;189500;Otomatik;LPG & Benzin;Füme; Tamamý orijinal 
445000;EVO 1.3 Multijet Dynamic;2011;267000;Düz;Dizel;Siyah; 1 deðiþen 
550000;1.4 Lounge S&S;2013;123000;Yarý Otomatik;Benzin;Beyaz; Tamamý orijinal 
520000;EVO 1.4 Multiair Dynamic;2010;104000;Düz;Benzin;Siyah; 1 deðiþen 
520000;1.4 Easy S&S;2013;203000;Düz;LPG & Benzin;Beyaz; Tamamý orijinal 
345000;Grande 1.3 Multijet Dynamic;2008;320000;Düz;Dizel;Gri; Tamamý orijinal 
369750;Grande 1.3 Multijet Active;2008;246000;Düz;Dizel;Beyaz; 1 deðiþen, 3 boyalý 
345000;Grande 1.3 Multijet Active;2007;278000;Düz;Dizel;Kýrmýzý; Tamamý orijinal 
408000;Grande 1.4 Fire Active;2008;241000;Düz;LPG & Benzin;Gri (Gümüþ); Tamamý orijinal 
470000;EVO 1.3 Multijet Dynamic;2010;110000;Düz;Dizel;Gri (Gümüþ); Tamamý orijinal 
437750;EVO 1.3 Multijet Dynamic;2011;298000;Yarý Otomatik;Dizel;Beyaz; 3 deðiþen, 7 boyalý 
397500;EVO 1.3 Multijet Active;2011;240000;Düz;Dizel;Gri (metalik); 2 deðiþen, 2 boyalý 
479000;1.3 Multijet Easy;2013;184000;Düz;Dizel;Gri; 1 deðiþen 
395000;EVO 1.3 Multijet Active;2010;245000;Düz;Dizel;Gri (Gümüþ); 12 boyalý 
579000;1.3 Multijet Lounge;2012;140000;Yarý Otomatik;Dizel;Siyah; Tamamý orijinal 
560000;1.4 Mair Lounge S&S;2012;97800;Düz;Benzin;Siyah; Tamamý orijinal 
529950;1.2 Pop;2012;215000;Otomatik;Benzin;Siyah; 1 boyalý 
459950;EVO 1.4 Active;2010;141000;Düz;Benzin;Siyah; 3 deðiþen, 6 boyalý 
569750;EVO 1.4 Fire Dynamic;2011;96000;Yarý Otomatik;LPG & Benzin;Siyah; Tamamý orijinal 
519500;1.4 Lounge S&S;2012;157500;Yarý Otomatik;LPG & Benzin;Beyaz; 2 boyalý 
450000;Grande 1.4 Fire Active;2006;147000;Düz;LPG & Benzin;Bej; 5 boyalý 
450000;1.3 Multijet Pop;2012;250000;Düz;Dizel;Beyaz; 1 boyalý 
467000;EVO 1.4 Dynamic;2011;90000;Düz;Benzin;Gri (Gümüþ); 1 deðiþen 
530000;1.3 Multijet Pop;2012;125000;Düz;Dizel;Beyaz; 2 boyalý 
585000;1.4 Pop S&S;2012;118000;Yarý Otomatik;LPG & Benzin;Beyaz; Tamamý orijinal 
425000;1.3 Multijet Pop;2013;211000;Düz;Dizel;Beyaz; 1 boyalý 
485000;EVO 1.3 Multijet Active;2012;137000;Düz;Dizel;Kýrmýzý; 2 boyalý 
445000;Grande 1.3 Multijet Active;2007;187800;Düz;Dizel;Gri (metalik); 4 boyalý 
455000;1.3 Multijet Popstar;2014;183000;Düz;Dizel;Beyaz; 3 deðiþen 
497500;1.2 Pop;2012;128500;Düz;Benzin;Beyaz; Tamamý orijinal 
599000;EVO 1.4 Dynamic;2011;143000;Yarý Otomatik;Benzin;Beyaz; Tamamý orijinal 
510000;Grande 1.3 Multijet 1.3 Multijet;2012;105000;Düz;Dizel;Beyaz; Tamamý orijinal 
390000;Grande 1.3 Multijet Dynamic;2008;207000;Düz;Dizel;Siyah; Tamamý orijinal 
300000;1.3 Multijet Dynamic;2004;266500;Düz;Dizel;Gri (Gümüþ); Tamamý orijinal 
430000;EVO 1.4 Multiair Dynamic;2011;276000;Düz;LPG & Benzin;Kýrmýzý; 1 deðiþen, 2 boyalý 
530000;1.3 Multijet Lounge;2014;165000;Düz;Dizel;Beyaz; Tamamý orijinal 
495000;Grande 1.3 Multijet Dynamic;2009;134600;Düz;Dizel;Beyaz; 3 boyalý 
430000;Grande 1.3 Multijet Active;2008;210000;Düz;Dizel;Kýrmýzý; 1 deðiþen, 1 boyalý 
442500;Grande 1.3 Multijet Dynamic;2007;234000;Düz;Dizel;Kýrmýzý; 8 boyalý 
465000;1.4 Dynamic;2008;121000;Düz;LPG & Benzin;Gri; Tamamý orijinal 
530000;1.4 Mair Lounge S&S;2012;169900;Düz;LPG & Benzin;Yeþil (metalik); Tamamý orijinal 
360000;Grande 1.3 Multijet Active;2008;355514;Düz;Dizel;Gri (titanyum); 11 boyalý 
490000;Grande 1.4 Fire Active;2009;102000;Düz;LPG & Benzin;Siyah; 2 boyalý 
380000;Grande 1.3 Multijet 1.3 Multijet;2011;214000;Düz;Dizel;Gri (Gümüþ); Tamamý boyalý 
420000;Grande 1.3 Multijet Active;2006;262000;Düz;Dizel;Gri (metalik); Tamamý orijinal 
530000;1.4 Popstar S&S;2016;85135;Düz;Benzin;Beyaz; Tamamý orijinal 
500000;EVO 1.3 Multijet My Life;2012;180000;Düz;Dizel;Siyah; 3 boyalý 
485000;EVO 1.4 Fire My Life;2012;146600;Yarý Otomatik;Benzin;Gri; 3 deðiþen, 1 boyalý 
485000;Grande 1.3 Multijet Dynamic;2007;178000;Düz;Dizel;Beyaz; 1 deðiþen, 3 boyalý 
280000;Grande 1.3 Multijet Dynamic;2009;296000;Düz;Dizel;Beyaz; Tamamý orijinal 
465000;Grande 1.4 Fire Active;2007;79000;Düz;Benzin;Gri (metalik); 1 boyalý 
485000;EVO 1.4 Dynamic;2011;158000;Yarý Otomatik;LPG & Benzin;Beyaz; 2 deðiþen, 6 boyalý 
380000;Grande 1.4 Fire Dynamic;2006;250000;Düz;Benzin;Füme; Tamamý orijinal 
370000;Grande 1.3 Multijet Active;2006;245000;Düz;Dizel;Gri; Tamamý orijinal 
380000;Grande 1.3 Multijet Active;2006;245000;Düz;Dizel;Gri; 1 deðiþen, 6 boyalý 
420000;Grande 1.4 Fire Active;2006;171000;Düz;Benzin;Gri; Tamamý orijinal 
490000;Grande 1.4 Fire Active;2009;164000;Yarý Otomatik;LPG & Benzin;Beyaz; 1 deðiþen, 6 boyalý 
560000;Grande 1.3 Multijet Active;2008;45000;Düz;Dizel;Gri (Gümüþ); Tamamý orijinal 
389900;Grande 1.4 Fire Active;2008;213000;Düz;LPG & Benzin;Kýrmýzý; Tamamý orijinal 
549900;1.4 Easy S&S;2012;123282;Yarý Otomatik;Benzin;Beyaz; Tamamý orijinal 
349000;Grande 1.3 Multijet Dynamic;2008;300000;Düz;Dizel;Gri (titanyum); 12 boyalý 
460000;1.3 Multijet Pop;2013;164000;Düz;Dizel;Beyaz; Tamamý orijinal 
495000;EVO 1.4 Dynamic;2011;219100;Düz;Benzin;Kahverengi; 2 deðiþen, 2 boyalý 
460000;EVO 1.3 Multijet Dynamic;2011;211000;Düz;Dizel;Gri (metalik); 1 deðiþen, 2 boyalý 
410000;Grande 1.4 Fire Active;2006;187000;Düz;LPG & Benzin;Beyaz; Tamamý orijinal 
489000;EVO 1.4 Fire Dynamic;2011;140800;Düz;LPG & Benzin;Kýrmýzý; Tamamý orijinal 
439000;EVO 1.3 Multijet Active;2011;216000;Düz;Dizel;Gri (Gümüþ); 3 deðiþen, 8 boyalý 
450000;Grande 1.3 Multijet Active;2008;183000;Düz;Dizel;Gri (Gümüþ); 4 boyalý 
374000;Grande 1.3 Multijet Dynamic;2006;220000;Düz;Dizel;Kýrmýzý; 1 deðiþen 
405000;Grande 1.3 Multijet Dynamic;2006;246000;Düz;Dizel;Mavi; 4 boyalý 
385000;EVO 1.3 Multijet Active;2011;260000;Düz;Dizel;Gri; 2 deðiþen, 2 boyalý 
455000;EVO 1.3 Multijet Active;2010;339000;Düz;Dizel;Yeþil; 1 boyalý 
490000;Grande 1.4 Fire Active;2008;134000;Düz;Benzin;Gri (titanyum); 1 deðiþen 
450000;Grande 1.4 Fire Active;2007;143000;Düz;LPG & Benzin;Gri; 1 deðiþen, 1 boyalý 
475000;EVO 1.4 Active;2010;213000;Yarý Otomatik;Benzin;Siyah; Tamamý orijinal 
375500;Grande 1.3 Multijet Dynamic;2006;200000;Düz;Dizel;Siyah; 2 deðiþen, 2 boyalý 
480000;1.3 Multijet Pop;2012;178100;Düz;Dizel;Beyaz; 2 deðiþen 
270000;1.3 Multijet Dynamic;2006;247000;Düz;Dizel;Beyaz; Tamamý orijinal 
360000;Grande 1.4 Fire Active;2007;290000;Düz;LPG & Benzin;Kýrmýzý; 2 deðiþen, 11 boyalý 
445000;1.3 Multijet Dynamic;2008;177500;Düz;Dizel;Siyah; 1 deðiþen, 1 boyalý 
590000;1.4 Lounge S&S;2013;58000;Yarý Otomatik;Benzin;Gri; 4 boyalý 
310000;1.4 Dynamic;2005;223000;Düz;Benzin;Füme; 3 deðiþen, 9 boyalý 
435000;Grande 1.4 Fire Active;2006;200000;Düz;LPG & Benzin;Kýrmýzý; Tamamý orijinal 
390000;1.4 Mair Easy S&S;2012;165600;Düz;LPG & Benzin;Gri; 5 deðiþen, 8 boyalý 
470000;1.2 Pop;2014;108000;Düz;LPG & Benzin;Gri (titanyum); Tamamý orijinal 
440000;1.3 Multijet Easy;2012;260000;Düz;Dizel;Beyaz; Tamamý orijinal 
495000;1.3 Multijet Lounge;2012;190000;Düz;Dizel;Siyah; Tamamý orijinal 
360000;1.3 Multijet Dynamic;2004;211000;Düz;Dizel;Yeþil; Tamamý orijinal 
415000;EVO 1.4 Fire My Life;2012;250000;Düz;LPG & Benzin;Gri; Tamamý orijinal 
420000;EVO 1.4 Dynamic;2011;192125;Düz;Benzin;Gri; 1 deðiþen, 3 boyalý 
518750;1.2 Popstar;2014;70000;Düz;Benzin;Beyaz; Tamamý orijinal 
530000;EVO 1.4 Multiair Dynamic;2010;153000;Düz;LPG & Benzin;Siyah; Tamamý orijinal 
450000;Grande 1.4 Fire Active;2009;126000;Düz;LPG & Benzin;Kýrmýzý; 2 boyalý 
420000;EVO 1.4 Dynamic;2009;195000;Düz;LPG & Benzin;Siyah; 1 deðiþen, 10 boyalý 
395000;Grande 1.4 Fire Active;2007;175000;Düz;LPG & Benzin;Gri; Tamamý orijinal 
475000;Grande 1.3 Multijet Active;2010;163500;Düz;Dizel;Gri; Tamamý orijinal 
399500;Grande 1.4 Fire S&S;2011;124700;Yarý Otomatik;LPG & Benzin;Kýrmýzý; Tamamý orijinal 
535000;1.4 Easy S&S;2013;114000;Düz;Benzin;Beyaz; Tamamý orijinal 
548000;1.4 Easy S&S;2012;105000;Yarý Otomatik;Benzin;Kýrmýzý; 1 deðiþen, 5 boyalý 
565000;1.2 Pop;2013;74000;Düz;Benzin;Beyaz; 1 boyalý 
485000;1.4 Dynamic;2009;190000;Yarý Otomatik;LPG & Benzin;Siyah; Tamamý orijinal 
355000;Grande 1.3 Multijet Active;2010;322000;Düz;Dizel;Beyaz; 4 boyalý 
535000;1.3 Multijet Easy;2012;185000;Yarý Otomatik;Dizel;Gri (metalik); 4 boyalý 
390000;Grande 1.3 Multijet Active;2006;159000;Düz;Dizel;Mavi; Tamamý orijinal 
425000;1.4 Pop S&S;2012;313780;Düz;LPG & Benzin;Gri; Tamamý orijinal 
325000;Grande 1.3 Multijet Active;2008;247500;Düz;Dizel;Gri (titanyum); Tamamý orijinal 
415000;Grande 1.3 Multijet Active;2008;192060;Düz;Dizel;Gri (metalik); 2 deðiþen, 3 boyalý 
555000;1.4 Popstar S&S;2014;84500;Düz;Benzin;Beyaz; Tamamý orijinal 
540000;1.4 Pop S&S;2012;120000;Yarý Otomatik;Benzin;Beyaz; 2 deðiþen, 1 boyalý 
385000;Grande 1.3 Multijet Active;2007;263000;Düz;Dizel;Gri; 1 deðiþen, 3 boyalý 
455000;Grande 1.4 Fire Active;2008;191000;Yarý Otomatik;LPG & Benzin;Gri; 1 deðiþen, 9 boyalý 
495900;Grande 1.4 Fire Active;2011;88652;Yarý Otomatik;LPG & Benzin;Gri; 6 boyalý 
585000;1.4 Popstar S&S;2016;99100;Düz;LPG & Benzin;Beyaz; 2 deðiþen 
359000;1.3 Multijet Pop;2012;337000;Düz;Dizel;Beyaz; 3 deðiþen 
508000;EVO 1.3 Multijet Dynamic;2012;152000;Düz;Dizel;Beyaz; Tamamý orijinal 
450000;Grande 1.3 Multijet Active;2009;219000;Yarý Otomatik;Dizel;Gri; 5 boyalý 
437500;Grande 1.3 Multijet Active;2008;127000;Düz;Dizel;Siyah; 2 boyalý 
520000;EVO 1.4 Active;2011;144000;Yarý Otomatik;Benzin;Siyah; Tamamý orijinal 
380000;Grande 1.4 Fire Active;2010;120000;Düz;LPG & Benzin;Gri (Gümüþ); 3 deðiþen, 1 boyalý 
425000;Grande 1.4 Starjet Dynamic;2007;175000;Düz;LPG & Benzin;Mavi (metalik); 1 deðiþen 
310000;1.3 Multijet Dynamic;2006;280000;Düz;Dizel;Beyaz; 3 deðiþen, 4 boyalý 
319000;Grande 1.3 Multijet Active;2008;207000;Düz;Dizel;Gri (titanyum); 1 deðiþen, 10 boyalý 
440000;Grande 1.3 Multijet Active;2011;228000;Düz;Dizel;Siyah; 1 deðiþen, 3 boyalý 
448000;1.4 Pop S&S;2013;96000;Düz;Benzin;Siyah; 2 deðiþen, 4 boyalý 
415000;Grande 1.4 Fire Dynamic;2007;315000;Düz;LPG & Benzin;Gri (Gümüþ); 1 deðiþen, 11 boyalý 
400000;Grande 1.3 Multijet Active;2008;350000;Düz;Dizel;Gri (Gümüþ); 6 boyalý 
490000;Grande 1.4 Fire Active;2009;98000;Yarý Otomatik;Benzin;Gri (Gümüþ); 1 deðiþen, 4 boyalý 
330000;1.3 Multijet Shine;2006;309000;Düz;Dizel;Yeþil; 1 deðiþen, 11 boyalý 
499000;1.4 Easy S&S;2012;155000;Düz;LPG & Benzin;Füme; 1 boyalý 
400000;1.3 Multijet Easy;2012;175000;Düz;Dizel;Beyaz; 2 deðiþen, 4 boyalý 
535000;1.4 Easy S&S;2012;142000;Yarý Otomatik;LPG & Benzin;Siyah; 1 deðiþen 
425000;Grande 1.3 Multijet Active;2008;232000;Yarý Otomatik;Dizel;Siyah; 1 deðiþen, 4 boyalý 
480000;1.3 Multijet Dynamic;2006;250000;Düz;Dizel;Beyaz; Tamamý orijinal 
482500;EVO 1.3 Multijet Dynamic;2011;185000;Düz;Dizel;Bordo; 1 deðiþen, 2 boyalý 
455000;EVO 1.4 Active;2012;75000;Düz;Benzin;Yeþil; Tamamý orijinal 
570000;1.4 Popstar S&S;2016;105000;Düz;Benzin;Beyaz; Tamamý orijinal 
285000;1.4 Dynamic;2004;242500;Düz;LPG & Benzin;Füme; 2 deðiþen 
450000;EVO 1.4 Multiair Dynamic;2011;275000;Düz;LPG & Benzin;Kýrmýzý; 1 deðiþen, 2 boyalý 
330000;Grande 1.4 Fire Active;2008;281000;Düz;Benzin;Gri; Tamamý orijinal 
575000;1.4 Popstar S&S;2016;79000;Düz;Benzin;Beyaz; Tamamý orijinal 
410000;Grande 1.4 Fire Dynamic;2008;193000;Düz;Benzin;Siyah; 1 deðiþen, 1 boyalý 
450000;EVO 1.3 Multijet Dynamic;2011;239842;Düz;Dizel;Beyaz; 2 boyalý 
393000;Grande 1.3 Multijet Active;2008;204000;Düz;Dizel;Gri (Gümüþ); Tamamý orijinal 
510000;EVO 1.4 Active;2010;181000;Yarý Otomatik;LPG & Benzin;Siyah; 6 boyalý 
440000;Grande 1.3 Multijet Active;2007;260000;Düz;Dizel;Gri (Gümüþ); 5 boyalý 
525000;1.3 Multijet Easy;2012;171000;Düz;Dizel;Beyaz; Tamamý orijinal 
520000;1.2 Popstar;2015;90000;Düz;Benzin;Beyaz; Tamamý orijinal 
437500;1.3 Multijet Pop;2013;212000;Düz;Dizel;Beyaz; 1 deðiþen, 3 boyalý 
599000;1.4 Pop S&S;2012;106000;Yarý Otomatik;Benzin;Gri (metalik); 1 deðiþen, 1 boyalý 
475000;1.4 Easy S&S;2012;145000;Düz;LPG & Benzin;Siyah; 3 boyalý 
510000;1.3 Multijet Easy;2012;186000;Düz;Dizel;Beyaz; Tamamý orijinal 
640000;1.4 Urban S&S;2014;56000;Düz;LPG & Benzin;Beyaz; Tamamý orijinal 
520000;1.3 Multijet Pop;2013;126750;Düz;Dizel;Beyaz; 1 boyalý 
535000;1.3 Multijet Easy;2012;85000;Düz;Dizel;Gri; Tamamý orijinal 
320000;Grande 1.4 Fire Dynamic;2006;286000;Düz;LPG & Benzin;Siyah; 1 deðiþen, 8 boyalý 
532000;1.3 Multijet Lounge;2012;97500;Yarý Otomatik;Dizel;Beyaz; 2 deðiþen, 2 boyalý 
417000;1.3 Multijet Pop;2012;168000;Düz;Dizel;Beyaz; Tamamý orijinal 
368000;Grande 1.3 Multijet Dynamic;2006;214000;Düz;Dizel;Gri; Tamamý orijinal 
400000;Grande 1.3 Multijet Active;2008;205000;Düz;Dizel;Gri; Tamamý orijinal 
500000;EVO 1.4 Multiair Dynamic;2010;166000;Düz;Benzin;Siyah; 1 boyalý 
380000;Grande 1.3 Multijet Emotion;2006;165000;Düz;Dizel;Kýrmýzý; Tamamý orijinal 
520000;EVO 1.3 Multijet Dynamic;2012;170800;Düz;Dizel;Beyaz; Tamamý orijinal 
440000;EVO 1.3 Multijet Dynamic;2012;212850;Düz;Dizel;Siyah; 3 boyalý 
550000;EVO 1.4 Dynamic;2011;76000;Yarý Otomatik;LPG & Benzin;Beyaz; 1 deðiþen, 2 boyalý 
515000;1.4 Lounge S&S;2013;175000;Yarý Otomatik;LPG & Benzin;Siyah; 1 deðiþen 
575000;1.4 Pop S&S;2013;120800;Düz;LPG & Benzin;Bordo; Tamamý orijinal 
535000;1.4 Lounge S&S;2013;174000;Düz;LPG & Benzin;Kýrmýzý; 8 boyalý 
355000;1.2 Pop;2012;217000;Düz;Benzin;Beyaz; 1 deðiþen, 10 boyalý 
453000;EVO 1.3 Multijet Active;2011;192000;Düz;Dizel;Gri; 3 boyalý 
624950;1.4 Popstar S&S;2017;78000;Düz;Benzin;Beyaz; Tamamý orijinal 
480000;EVO 1.4 Fire Dynamic;2011;178000;Düz;LPG & Benzin;Siyah; 1 deðiþen, 8 boyalý 
320000;Grande 1.3 Multijet Active;2006;261000;Düz;Dizel;Mavi (metalik); 3 deðiþen, 4 boyalý 
505000;1.4 Pop S&S;2012;102000;Düz;Benzin;Beyaz; Tamamý orijinal 
575000;1.4 Lounge S&S;2012;78800;Yarý Otomatik;Benzin;Beyaz; Tamamý orijinal 
430000;EVO 1.3 Multijet Dynamic;2012;240000;Düz;Dizel;Beyaz; Tamamý orijinal 
395000;EVO 1.3 Multijet Active;2011;176000;Düz;Dizel;Gri; 1 deðiþen, 8 boyalý 
390000;Grande 1.4 Fire Active;2008;167000;Düz;Benzin;Mavi (metalik); 2 deðiþen, 6 boyalý 
340000;1.3 Multijet Dynamic;2004;181000;Düz;Dizel;Gri (Gümüþ); 1 deðiþen, 6 boyalý 
470000;EVO 1.4 Active;2010;130000;Düz;Benzin;Gri (Gümüþ); 7 boyalý 
499000;EVO 1.4 Dynamic;2011;113000;Yarý Otomatik;Benzin;Gri (Gümüþ); 1 deðiþen, 5 boyalý 
315000;1.3 Multijet Shine;2007;270000;Düz;Dizel;Gri; 10 boyalý 
430000;Grande 1.4 Fire Active;2006;187397;Düz;LPG & Benzin;Mavi; 4 boyalý 
565000;EVO 1.3 Multijet Dynamic;2011;218000;Düz;Dizel;Beyaz; Tamamý orijinal 
440000;Grande 1.4 Fire Active;2010;165000;Düz;LPG & Benzin;Siyah; 1 boyalý 
415000;Grande 1.4 Fire Active;2009;173000;Düz;LPG & Benzin;Kýrmýzý; 5 boyalý 
580000;1.3 Multijet Easy;2012;105000;Düz;Dizel;Beyaz; Tamamý orijinal 
469900;EVO 1.3 Multijet My Life;2011;191100;Düz;Dizel;Gri; 1 deðiþen, 6 boyalý 
430000;Grande 1.3 Multijet Dynamic;2011;185000;Düz;Dizel;Beyaz; 2 deðiþen, 5 boyalý 
480000;Grande 1.3 Multijet Active;2010;105000;Düz;Dizel;Kýrmýzý; Tamamý orijinal 
515000;EVO 1.4 Multiair Dynamic;2011;173000;Düz;LPG & Benzin;Siyah; 1 boyalý 
399000;Grande 1.3 Multijet Active;2007;222000;Düz;Dizel;Füme; 5 boyalý 
295000;1.2 Dynamic;2004;250000;Otomatik;Benzin;Lacivert; Tamamý boyalý 
455000;1.3 Multijet Pop;2013;195000;Düz;Dizel;Beyaz; Tamamý orijinal 
341999;Grande 1.4 Fire Active;2008;303000;Düz;LPG & Benzin;Gri (metalik); 2 deðiþen, 8 boyalý 
475000;Grande 1.3 Multijet Dynamic;2011;210000;Düz;Dizel;Mavi; Tamamý orijinal 
530000;1.4 Pop S&S;2012;76300;Düz;LPG & Benzin;Beyaz; Tamamý orijinal 
485000;1.4 Pop S&S;2013;180500;Yarý Otomatik;Benzin;Beyaz; 1 deðiþen, 3 boyalý 
505000;1.3 Multijet Pop;2013;202000;Düz;Dizel;Beyaz; Tamamý orijinal 
459999;EVO 1.4 Active;2011;138000;Yarý Otomatik;Benzin;Beyaz; 3 deðiþen, 6 boyalý 
415000;Grande 1.3 Multijet Active;2007;243500;Düz;Dizel;Bej; 1 deðiþen, 9 boyalý 
650000;1.4 Easy S&S;2016;37000;Düz;Benzin;Beyaz; Tamamý orijinal 
380000;Grande 1.4 Fire Active;2008;183000;Düz;Benzin;Siyah; 7 boyalý 
450000;1.3 Multijet Easy;2014;111000;Düz;Dizel;Kýrmýzý; 1 deðiþen, 2 boyalý 
460000;EVO 1.3 Multijet Active;2011;215000;Düz;Dizel;Gri (Gümüþ); Tamamý orijinal 
485000;1.3 Multijet Pop;2013;162000;Düz;Dizel;Beyaz; 1 boyalý 
550000;1.4 Easy S&S;2013;157000;Düz;LPG & Benzin;Beyaz; Tamamý orijinal 
365000;Grande 1.3 Multijet Active;2007;274000;Düz;Dizel;Gri (Gümüþ); Tamamý orijinal 
360000;Grande 1.4 Fire Dynamic;2006;218000;Düz;LPG & Benzin;Gri; 1 deðiþen, 2 boyalý 
380000;Grande 1.4 Fire Dynamic;2007;176000;Yarý Otomatik;LPG & Benzin;Gri (titanyum); Tamamý orijinal 
440000;1.3 Multijet Pop;2012;180000;Düz;Dizel;Beyaz; Tamamý orijinal 
375000;1.3 Multijet Easy;2012;240000;Düz;Dizel;Beyaz; Tamamý orijinal 
445000;1.3 Multijet Pop;2013;182000;Düz;Dizel;Beyaz; 1 deðiþen 
400000;1.3 Multijet Dynamic;2006;292000;Düz;Dizel;Gri (Gümüþ); 2 deðiþen, 7 boyalý 
400000;Grande 1.4 Fire Active;2007;160000;Düz;LPG & Benzin;Gri (titanyum); Tamamý orijinal 
445000;Grande 1.3 Multijet 1.3 Multijet;2011;158000;Düz;Dizel;Gri; Tamamý orijinal 
340000;Grande 1.3 Multijet Active;2007;300000;Düz;Dizel;Siyah; 10 boyalý 
400000;Grande 1.3 Multijet Active;2007;180000;Düz;Dizel;Gri; Tamamý orijinal 
610000;1.4 Mair Lounge S&S;2012;140000;Düz;Benzin;Yeþil (metalik); 1 boyalý 
430000;Grande 1.4 Fire Fun;2009;213000;Düz;LPG & Benzin;Beyaz; Tamamý orijinal 
375000;EVO 1.3 Multijet Dynamic;2012;324000;Düz;Dizel;Kýrmýzý; 2 deðiþen 
540000;EVO 1.4 Fire Dynamic;2011;200000;Düz;LPG & Benzin;Siyah; Tamamý orijinal 
460000;1.3 Multijet Lounge;2012;178173;Düz;Dizel;Beyaz; Tamamý orijinal 
460000;1.3 Multijet Easy;2013;167000;Düz;Dizel;Gri; 3 deðiþen, 4 boyalý 
550000;EVO 1.3 Multijet Dynamic;2011;202000;Yarý Otomatik;Dizel;Beyaz; Tamamý orijinal 
365000;Grande 1.4 Fire Active;2007;219500;Düz;LPG & Benzin;Gri (titanyum); Tamamý boyalý 
335000;1.3 Multijet Dynamic;2006;355200;Düz;Dizel;Bordo; Tamamý orijinal 
430000;Grande 1.4 T-Jet Dynamic;2009;119250;Düz;Benzin;Siyah; 2 deðiþen, 3 boyalý 
440000;Grande 1.3 Multijet Active;2007;242000;Düz;Dizel;Kýrmýzý; 2 deðiþen, 1 boyalý 
300000;1.3 Multijet Dynamic;2004;276366;Düz;Dizel;Yeþil (metalik); 3 boyalý 
370000;Grande 1.4 Fire Active;2009;260000;Düz;LPG & Benzin;Kýrmýzý; Tamamý orijinal 
500000;1.2 Popstar;2014;117000;Düz;Benzin;Kýrmýzý; Tamamý orijinal 
580000;EVO 1.3 Multijet Dynamic;2012;131600;Düz;Dizel;Beyaz; 1 deðiþen 
470000;Grande 1.4 Fire Active;2011;132000;Düz;LPG & Benzin;Gri (Gümüþ); 3 boyalý 
555000;EVO 1.4 Dynamic;2011;138000;Yarý Otomatik;LPG & Benzin;Siyah; 1 deðiþen, 6 boyalý 
340000;Grande 1.4 Fire Dynamic;2008;250000;Düz;LPG & Benzin;Gri (titanyum); 2 deðiþen, 6 boyalý 
385000;Grande 1.3 Multijet 1.3 Multijet;2011;297000;Düz;Dizel;Gri (Gümüþ); 1 deðiþen, 6 boyalý 
349000;Grande 1.4 Fire Dynamic;2007;320000;Düz;Benzin;Kýrmýzý; 3 deðiþen, 10 boyalý 
450000;Grande 1.4 Fire Dynamic;2009;174000;Düz;Benzin;Kýrmýzý; 2 boyalý 
410000;Grande 1.3 Multijet Active;2008;204000;Düz;Dizel;Gri (titanyum); Tamamý orijinal 
410000;Grande 1.3 Multijet Emotion;2009;196000;Yarý Otomatik;Dizel;Kýrmýzý; 3 deðiþen, 3 boyalý 
350000;Grande 1.4 Fire Active;2006;233500;Düz;LPG & Benzin;Mavi; 1 deðiþen, 5 boyalý 
360000;Grande 1.4 Fire Active;2006;215943;Düz;LPG & Benzin;Kýrmýzý; Tamamý orijinal 
400000;Grande 1.3 Multijet Dynamic;2006;295000;Düz;Dizel;Gri; Tamamý orijinal 
520000;1.4 Easy S&S;2012;206000;Düz;LPG & Benzin;Gri (Gümüþ); Tamamý orijinal 
555000;EVO 1.4 Active;2011;167500;Yarý Otomatik;LPG & Benzin;Gri; Tamamý orijinal 
465000;EVO 1.4 Fire My Life;2011;203000;Düz;Benzin;Beyaz; 1 deðiþen 
490000;1.3 Multijet Pop;2012;285000;Düz;Dizel;Beyaz; 1 deðiþen, 1 boyalý 
480000;1.2 Pop;2012;109000;Düz;Benzin;Beyaz; Tamamý orijinal 
405000;1.4 Dynamic;2010;184200;Yarý Otomatik;LPG & Benzin;Gri (Gümüþ); 2 deðiþen, 8 boyalý 
380000;Grande 1.4 Fire Active;2007;250000;Düz;LPG & Benzin;Siyah; 2 deðiþen, 4 boyalý 
380000;1.4 Easy S&S;2013;297000;Düz;LPG & Benzin;Beyaz; Tamamý orijinal 
475000;Grande 1.4 Fire Active;2008;178000;Yarý Otomatik;LPG & Benzin;Gri (titanyum); 2 deðiþen, 2 boyalý 
498500;EVO 1.3 Multijet Dynamic;2011;229000;Düz;Dizel;Siyah; 1 deðiþen, 2 boyalý 
477500;EVO 1.4 Active;2010;105000;Yarý Otomatik;Benzin;Lacivert; 1 deðiþen, 8 boyalý 
500000;1.4 Pop S&S;2012;93600;Düz;Benzin;Beyaz; Tamamý orijinal 
340000;Grande 1.3 Multijet Active;2010;272500;Düz;Dizel;Gri (Gümüþ); 12 boyalý 
465000;Grande 1.4 Starjet Dynamic;2007;118000;Düz;Benzin;Siyah; Tamamý orijinal 
410000;Grande 1.4 Fire Dynamic;2007;143000;Düz;Benzin;Yeþil; 3 deðiþen, 7 boyalý 
535000;1.4 Easy S&S;2012;123000;Yarý Otomatik;Benzin;Beyaz; 1 deðiþen, 1 boyalý 
365000;Grande 1.4 Fire Active;2007;186000;Düz;LPG & Benzin;Siyah; Tamamý orijinal 
490000;EVO 1.4 Active;2010;137835;Yarý Otomatik;Benzin;Siyah; Tamamý orijinal 
450000;EVO 1.3 Multijet Dynamic;2011;265000;Düz;Dizel;Siyah; 1 deðiþen, 5 boyalý 
540000;1.4 Pop S&S;2012;140000;Düz;Benzin;Siyah; Tamamý orijinal 
400000;Grande 1.4 Fire Active;2007;217000;Düz;Benzin;Gri; 2 boyalý 
530000;EVO 1.4 Active;2011;168000;Yarý Otomatik;LPG & Benzin;Gri (Gümüþ); Tamamý orijinal 
537500;1.4 Popstar S&S;2016;84700;Düz;Benzin;Beyaz; 3 boyalý 
303000;Grande 1.4 Fire Dynamic;2006;373000;Düz;LPG & Benzin;Gri; 3 boyalý 
369000;Grande 1.3 Multijet Active;2011;283000;Düz;Dizel;Gri; 2 deðiþen, 8 boyalý 
410000;Grande 1.4 Fire Active;2006;107000;Düz;LPG & Benzin;Kýrmýzý; 6 boyalý 
445000;Grande 1.3 Multijet Dynamic;2009;240250;Düz;Dizel;Gri (titanyum); Tamamý orijinal 
491000;1.4 Lounge S&S;2012;155641;Yarý Otomatik;LPG & Benzin;Gri (titanyum); 2 deðiþen 
397500;Grande 1.3 Multijet Active;2007;244000;Düz;Dizel;Beyaz; Tamamý orijinal 
655000;Grande 1.3 Multijet Emotion;2007;218000;Düz;Dizel;Lacivert; 2 deðiþen, 2 boyalý 
405000;Grande 1.3 Multijet Active;2008;188000;Düz;Dizel;Kýrmýzý; 2 deðiþen, 6 boyalý 
450000;1.2 Pop;2013;147000;Düz;LPG & Benzin;Beyaz; Tamamý orijinal 
485000;Grande 1.4 Fire Active;2009;170000;Yarý Otomatik;LPG & Benzin;Siyah; 1 deðiþen, 5 boyalý 
469000;Grande 1.4 Fire Active;2007;179000;Düz;LPG & Benzin;Kýrmýzý; 2 boyalý 
460000;Grande 1.4 Fire Active;2006;219000;Düz;LPG & Benzin;Kýrmýzý; 3 boyalý 
418000;Grande 1.4 Fire Active;2007;180000;Düz;LPG & Benzin;Gri (Gümüþ); Tamamý orijinal 
380000;Grande 1.3 Multijet Dynamic;2007;310000;Düz;Dizel;Kýrmýzý; 1 deðiþen 
345000;1.3 Multijet Shine;2006;258000;Düz;Dizel;Gri; 2 deðiþen 
395000;Grande 1.4 Fire Active;2008;213000;Düz;LPG & Benzin;Gri; 1 deðiþen, 4 boyalý 
400000;Grande 1.3 Multijet Active;2009;218000;Düz;Dizel;Gri (titanyum); 2 boyalý 
500000;1.3 Multijet Lounge;2012;184000;Düz;Dizel;Beyaz; 1 deðiþen 
500000;1.4 Pop S&S;2012;158816;Düz;LPG & Benzin;Beyaz; Tamamý orijinal 
387000;Grande 1.3 Multijet Dynamic;2006;400000;Düz;Dizel;Siyah; 2 deðiþen, 10 boyalý 
455000;Grande 1.4 Fire S&S;2011;135000;Düz;LPG & Benzin;Bej; 1 deðiþen, 4 boyalý 
387000;1.3 Multijet Pop;2013;202000;Düz;Dizel;Beyaz; 4 boyalý 
550000;EVO 1.4 Dynamic;2011;136000;Yarý Otomatik;LPG & Benzin;Beyaz; Tamamý orijinal 
370000;Grande 1.3 Multijet Active;2009;191000;Düz;Dizel;Gri; 2 deðiþen, 4 boyalý 
502000;EVO 1.4 Dynamic;2011;92000;Düz;Benzin;Gri; 1 deðiþen, 1 boyalý 
489000;EVO 1.3 Multijet My Life;2012;220700;Düz;Dizel;Gri (metalik); 1 boyalý 
510000;EVO 1.4 Multiair Dynamic;2011;166000;Düz;LPG & Benzin;Gri (titanyum); 1 deðiþen, 5 boyalý 
450000;Grande 1.3 Multijet Dynamic;2008;167000;Düz;Dizel;Gri (Gümüþ); 2 boyalý 
520000;EVO 1.4 Active;2011;172300;Düz;Benzin;Gri; Tamamý orijinal 
410000;Grande 1.4 Fire Active;2008;175000;Düz;LPG & Benzin;Gri; Tamamý orijinal 
510000;1.4 Easy S&S;2013;194800;Düz;LPG & Benzin;Beyaz; 3 deðiþen, 2 boyalý 
387500;Grande 1.3 Multijet Active;2007;265000;Düz;Dizel;Gri; Tamamý orijinal 
270000;1.7 D;2003;329000;Düz;Dizel;Beyaz; Tamamý orijinal 
390000;Grande 1.3 Multijet Dynamic;2008;317000;Yarý Otomatik;Dizel;Gri (Gümüþ); Tamamý orijinal 
365000;Grande 1.4 Fire Dynamic;2006;193600;Düz;LPG & Benzin;Gri (metalik); Tamamý orijinal 
345000;Grande 1.3 Multijet Active;2006;365000;Düz;Dizel;Gri; Tamamý orijinal 
615000;EVO 1.4 Fire My Life;2011;107200;Yarý Otomatik;LPG & Benzin;Kýrmýzý; Tamamý orijinal 
420000;1.3 Multijet Pop;2013;176500;Düz;Dizel;Beyaz; 1 deðiþen, 8 boyalý 
359000;Grande 1.3 Multijet Active;2008;284000;Düz;Dizel;Gri; 5 boyalý 
465000;1.3 Multijet Popstar;2013;230000;Düz;Dizel;Beyaz; 4 boyalý 
500000;EVO 1.4 Dynamic;2011;143000;Yarý Otomatik;LPG & Benzin;Gri (metalik); 6 boyalý 
439500;Grande 1.3 Multijet Active;2007;146750;Düz;Dizel;Beyaz; 1 deðiþen, 3 boyalý 
360000;Grande 1.4 Fire Active;2007;232000;Düz;LPG & Benzin;Siyah; 1 deðiþen, 7 boyalý 
499750;Grande 1.4 Fire Dynamic;2009;144000;Yarý Otomatik;Benzin;Gri; 4 boyalý 
400000;Grande 1.3 Multijet 1.3 Multijet;2011;195000;Düz;Dizel;Siyah; Tamamý orijinal 
465000;Grande 1.3 Multijet Active;2008;206000;Düz;Dizel;Siyah; Tamamý orijinal 
430000;1.2 Pop;2012;200000;Düz;LPG & Benzin;Siyah; 1 deðiþen, 5 boyalý 
350000;1.3 Multijet Dynamic;2004;335000;Düz;Dizel;Kýrmýzý; 1 deðiþen, 8 boyalý 
430000;Grande 1.4 Fire Active;2008;147000;Düz;Benzin;Siyah; Tamamý orijinal 
402000;Grande 1.3 Multijet Active;2008;234000;Düz;Dizel;Gri (titanyum); 4 deðiþen, 7 boyalý 
650000;1.4 Easy S&S;2013;145000;Yarý Otomatik;LPG & Benzin;Siyah; 3 deðiþen 
430000;1.3 Multijet Lounge;2012;202000;Düz;Dizel;Siyah; 1 deðiþen, 7 boyalý 
485000;EVO 1.3 Multijet Dynamic;2011;215000;Düz;Dizel;Siyah; 1 deðiþen, 2 boyalý 
435000;1.3 Multijet Popstar;2013;260000;Düz;Dizel;Beyaz; Tamamý orijinal 
455000;Grande 1.4 Fire Active;2011;120000;Düz;Benzin;Siyah; 4 boyalý 
550000;1.4 Pop S&S;2012;98000;Düz;Benzin;Beyaz; Tamamý orijinal 
390000;Grande 1.4 Fire Active;2006;226000;Düz;LPG & Benzin;Gri; 4 boyalý 
700000;1.4 Pop S&S;2013;145000;Yarý Otomatik;LPG & Benzin;Siyah; 2 deðiþen 
579000;1.4 Lounge S&S;2012;206000;Yarý Otomatik;Benzin;Gri (Gümüþ); 1 deðiþen, 3 boyalý 
355000;Grande 1.4 Fire Active;2006;156467;Düz;Benzin;Beyaz; 1 deðiþen, 8 boyalý 
480000;Grande 1.4 Fire Active;2010;202000;Düz;Benzin;Siyah; 2 deðiþen, 2 boyalý 
475000;Grande 1.3 Multijet Active;2009;160000;Düz;Dizel;Gri (titanyum); Tamamý orijinal 
575000;EVO 1.3 Multijet Dynamic;2011;206000;Düz;Dizel;Beyaz; 1 boyalý 
495000;1.2 Pop;2014;115000;Düz;Benzin;Beyaz; 1 deðiþen, 1 boyalý 
440000;Grande 1.4 Starjet Dynamic;2006;184000;Düz;LPG & Benzin;Mavi; Tamamý orijinal 
518000;Grande 1.4 Fire Active;2011;146000;Düz;Benzin;Gri (Gümüþ); Tamamý orijinal 
500000;1.3 Multijet Easy;2012;255000;Düz;Dizel;Beyaz; Tamamý orijinal 
370000;Grande 1.3 Multijet Active;2006;205000;Düz;Dizel;Þampanya; Tamamý orijinal 
505000;1.3 Multijet Popstar;2013;172000;Düz;Dizel;Beyaz; Tamamý orijinal 
485000;1.3 Multijet Popstar;2015;181600;Düz;Dizel;Beyaz; 3 boyalý 
340000;Grande 1.3 Multijet Active;2008;279000;Düz;Dizel;Kýrmýzý; 2 deðiþen, 6 boyalý 
360000;Grande 1.3 Multijet Emotion;2006;330000;Düz;Dizel;Gri (titanyum); 6 boyalý 
620000;1.4 Popstar S&S;2016;96000;Düz;Benzin;Kýrmýzý; Tamamý orijinal 
340000;EVO 1.3 Multijet Dynamic;2011;257000;Düz;Dizel;Beyaz; 3 deðiþen, 10 boyalý 
505000;EVO 1.4 Fire Dynamic;2012;110000;Yarý Otomatik;LPG & Benzin;Beyaz; 3 deðiþen, 6 boyalý 
445000;EVO 1.3 Multijet Dynamic;2011;279000;Düz;Dizel;Gri; 2 boyalý 
520000;1.4 Popstar S&S;2016;216000;Düz;LPG & Benzin;Beyaz; Tamamý orijinal 
375000;Grande 1.3 Multijet Fun;2009;160000;Düz;Dizel;Kýrmýzý; 11 boyalý 
440000;1.3 Multijet Pop;2012;205000;Düz;Dizel;Gri; 4 boyalý 
565000;1.4 Pop S&S;2013;57000;Düz;Benzin;Beyaz; Tamamý orijinal 
310000;1.3 Multijet Dynamic;2006;260000;Düz;Dizel;Beyaz; Tamamý orijinal 
510000;1.4 Easy S&S;2012;115000;Yarý Otomatik;Benzin;Siyah; 2 boyalý 
539000;Grande 1.4 Fire S&S;2012;136500;Yarý Otomatik;Benzin;Kýrmýzý; 1 deðiþen, 1 boyalý 
348000;Grande 1.3 Multijet Active;2008;345000;Düz;Dizel;Gri (Gümüþ); 2 deðiþen, 3 boyalý 
550000;EVO 1.4 Active;2011;92000;Yarý Otomatik;LPG & Benzin;Beyaz; Tamamý orijinal 
420000;Grande 1.3 Multijet Active;2007;255000;Düz;Dizel;Gri (titanyum); 2 boyalý 
492500;EVO 1.4 Active;2011;168000;Yarý Otomatik;LPG & Benzin;Beyaz; 3 boyalý 
520000;1.4 Easy S&S;2012;115000;Düz;Benzin;Beyaz; Tamamý orijinal 
495000;1.3 Multijet Pop;2013;230223;Düz;Dizel;Beyaz; Tamamý orijinal 
570000;1.4 Popstar S&S;2014;51000;Düz;Benzin;Siyah; Tamamý orijinal 
430000;1.3 Multijet Shine;2006;248000;Düz;Dizel;Gri; 3 boyalý 
503000;EVO 1.3 Multijet My Life;2012;155000;Düz;Dizel;Siyah; Tamamý orijinal 
440000;1.3 Multijet Popstar;2014;192000;Düz;Dizel;Beyaz; 1 deðiþen, 2 boyalý 
470000;EVO 1.3 Multijet Dynamic;2011;181000;Düz;Dizel;Gri; 3 boyalý 
332000;1.3 Multijet Dynamic;2004;216000;Düz;Dizel;Beyaz; 1 deðiþen, 5 boyalý 
460000;Grande 1.4 Fire Active;2008;121000;Yarý Otomatik;LPG & Benzin;Gri; 4 boyalý 
580000;1.3 Multijet Lounge;2012;128500;Yarý Otomatik;Dizel;Yeþil; 2 deðiþen, 4 boyalý 
360000;1.4 Dynamic;2004;113500;Düz;Benzin;Mavi; Tamamý orijinal 
399900;EVO 1.4 Active;2012;154000;Yarý Otomatik;LPG & Benzin;Beyaz; Tamamý orijinal 
510000;EVO 1.3 Multijet Active;2011;155000;Düz;Dizel;Beyaz; 1 deðiþen, 1 boyalý 
525000;EVO 1.3 Multijet Dynamic;2011;98000;Düz;Dizel;Siyah; Tamamý orijinal 
525000;1.4 Pop S&S;2012;124589;Düz;LPG & Benzin;Gri (Gümüþ); 5 boyalý 
468000;1.3 Multijet Popstar;2013;196265;Düz;Dizel;Beyaz; Tamamý orijinal 
540000;EVO 1.3 Multijet Active;2010;87000;Düz;Dizel;Gri (metalik); Tamamý orijinal 
499000;1.4 Pop S&S;2014;168000;Düz;LPG & Benzin;Beyaz; 3 boyalý 
420000;Grande 1.4 Fire Active;2010;115000;Düz;Benzin;Siyah; Tamamý orijinal 
620000;1.4 Popstar S&S;2017;45000;Düz;Benzin;Kýrmýzý; Tamamý orijinal 
477500;EVO 1.3 Multijet Dynamic;2009;172500;Düz;Dizel;Gri (metalik); Tamamý orijinal 
520000;1.4 Lounge S&S;2012;189000;Yarý Otomatik;LPG & Benzin;Beyaz; Tamamý orijinal 
625000;EVO 1.4 Fire Dynamic;2010;110000;Yarý Otomatik;Benzin;Gri (Gümüþ); 1 deðiþen 
435000;Grande 1.4 Fire Active;2008;190000;Yarý Otomatik;Benzin;Füme; 1 deðiþen, 7 boyalý 
420000;Grande 1.3 Multijet Active;2007;202000;Düz;Dizel;Beyaz; Tamamý orijinal 
353500;Grande 1.4 Fire Dynamic;2006;264000;Düz;Benzin;Gri (titanyum); 1 deðiþen, 9 boyalý 
405000;1.4 Easy S&S;2013;226000;Düz;LPG & Benzin;Beyaz; Tamamý orijinal 
530000;1.4 Popstar S&S;2014;96000;Düz;LPG & Benzin;Beyaz; 3 boyalý 
330000;Grande 1.3 Multijet Active;2008;330000;Düz;Dizel;Gri (titanyum); Tamamý orijinal 
472000;Grande 1.4 Fire S&S;2011;110000;Düz;Benzin;Beyaz; 3 boyalý 
330000;Grande 1.4 Fire Active;2009;195000;Düz;Benzin;Gri; 1 deðiþen, 9 boyalý 
525000;1.4 Dynamic;2009;212000;Yarý Otomatik;LPG & Benzin;Gri (Gümüþ); Tamamý orijinal 
460000;Grande 1.4 Fire Active;2007;63000;Düz;LPG & Benzin;Füme; Tamamý orijinal 
400000;1.3 Multijet Pop;2012;253000;Düz;Dizel;Beyaz; 2 deðiþen, 6 boyalý 
295000;Grande 1.3 Multijet Emotion;2006;368000;Düz;Dizel;Kýrmýzý; Tamamý orijinal 
420000;EVO 1.4 Dynamic;2011;187251;Düz;LPG & Benzin;Siyah; 2 deðiþen, 2 boyalý 
532500;1.4 Pop S&S;2012;136500;Düz;Benzin;Siyah; Tamamý orijinal 
625000;EVO 1.4 Multiair Dynamic;2011;142000;Düz;Benzin;Beyaz; Tamamý orijinal 
374900;1.3 Multijet Pop;2012;275150;Düz;Dizel;Gri (Gümüþ); Tamamý orijinal 
550000;EVO 1.3 Multijet Dynamic;2011;217600;Düz;Dizel;Siyah; 2 boyalý 
470000;Grande 1.4 Fire Active;2006;129000;Düz;Benzin;Gri (titanyum); Tamamý orijinal 
355000;Grande 1.4 Fire Dynamic;2008;270000;Düz;LPG & Benzin;Siyah; 11 boyalý 
513000;EVO 1.3 Multijet Dynamic;2011;152000;Düz;Dizel;Beyaz; Tamamý orijinal 
560000;1.4 Easy S&S;2014;109500;Düz;LPG & Benzin;Beyaz; Tamamý orijinal 
395000;Grande 1.3 Multijet Active;2008;290000;Düz;Dizel;Kýrmýzý; 2 deðiþen, 11 boyalý 
470000;1.3 Multijet Lounge;2012;263000;Yarý Otomatik;Dizel;Siyah; 2 deðiþen, 5 boyalý 
420000;EVO 1.4 Dynamic;2011;142300;Yarý Otomatik;Benzin;Gri (Gümüþ); Tamamý orijinal 
625000;1.3 Multijet Popstar;2013;100000;Düz;Dizel;Beyaz; Tamamý orijinal 
580000;1.4 Popstar S&S;2016;76000;Düz;LPG & Benzin;Beyaz; Tamamý orijinal 
540000;EVO 1.3 Multijet Dynamic;2011;172000;Düz;Dizel;Kýrmýzý; 1 boyalý 
330000;1.3 Multijet Dynamic;2006;275000;Düz;Dizel;Beyaz; Tamamý orijinal 
360000;Grande 1.4 Fire Fun;2009;159000;Düz;LPG & Benzin;Kýrmýzý; 1 deðiþen, 4 boyalý 
510000;Grande 1.4 Fire Active;2009;62000;Düz;Benzin;Beyaz; Tamamý orijinal 
460000;1.2 Pop;2012;147000;Düz;Benzin;Bordo; 2 deðiþen 
525000;1.4 Pop S&S;2013;127000;Düz;LPG & Benzin;Beyaz; 1 boyalý 
359500;Grande 1.3 Multijet Active;2008;358000;Düz;Dizel;Gri; 2 deðiþen, 5 boyalý 
457000;Grande 1.3 Multijet 1.3 Multijet;2011;285900;Düz;Dizel;Gri; 2 deðiþen, 4 boyalý 
555000;1.3 Multijet Pop;2013;137000;Düz;Dizel;Beyaz; Tamamý orijinal 
498000;1.3 Multijet Pop;2012;126500;Düz;Dizel;Beyaz; 1 boyalý 
358000;Grande 1.3 Multijet Active;2009;260000;Düz;Dizel;Gri (titanyum); 5 deðiþen, 6 boyalý 
480000;EVO 1.4 Dynamic;2011;196100;Düz;LPG & Benzin;Beyaz; 2 deðiþen, 1 boyalý 
365000;1.4 Dynamic;2004;266122;Düz;LPG & Benzin;Gri (Gümüþ); 11 boyalý 
560000;EVO 1.3 Multijet Dynamic;2011;124000;Düz;Dizel;Beyaz; Tamamý orijinal 
545000;EVO 1.4 Dynamic;2012;163000;Düz;LPG & Benzin;Siyah; Tamamý orijinal 
324000;1.3 Multijet Dynamic;2004;278000;Düz;Dizel;Yeþil (metalik); 4 boyalý 
428000;EVO 1.4 Active;2010;204000;Düz;LPG & Benzin;Gri; 6 boyalý 
605000;1.4 Lounge S&S;2013;162000;Düz;LPG & Benzin;Kýrmýzý; 3 boyalý 
440000;1.4 Easy S&S;2012;96000;Düz;Benzin;Mavi (metalik); Tamamý orijinal 
495000;EVO 1.3 Multijet Dynamic;2011;203500;Düz;Dizel;Beyaz; 1 deðiþen, 7 boyalý 
530000;1.3 Multijet Easy;2012;123000;Yarý Otomatik;Dizel;Beyaz; 2 deðiþen 
470000;Grande 1.4 Fire S&S;2012;141000;Düz;LPG & Benzin;Siyah; 1 deðiþen, 2 boyalý 
370000;Grande 1.4 Fire Active;2006;225000;Düz;LPG & Benzin;Mavi; Tamamý orijinal 
455000;Grande 1.4 Fire Active;2007;185000;Düz;LPG & Benzin;Siyah; 2 boyalý 
380000;Grande 1.3 Multijet Active;2008;206000;Düz;Dizel;Gri; Tamamý orijinal 
525000;EVO 1.4 Fire My Life;2012;170000;Yarý Otomatik;LPG & Benzin;Beyaz; 3 boyalý 
350000;1.3 Multijet Dynamic;2004;267000;Düz;Dizel;Yeþil; 1 deðiþen 
365000;1.3 Multijet Popstar;2014;188000;Düz;Dizel;Beyaz; 2 deðiþen, 3 boyalý 
490000;Grande 1.4 Fire Active;2011;163000;Düz;LPG & Benzin;Beyaz; Tamamý orijinal 
480000;Grande 1.3 Multijet Active;2010;157000;Düz;Dizel;Gri (Gümüþ); 1 deðiþen, 1 boyalý 
500000;1.2 Pop;2013;189000;Düz;Benzin;Beyaz; Tamamý orijinal 
450000;EVO 1.3 Multijet Dynamic;2011;265500;Düz;Dizel;Gri; Tamamý orijinal 
490000;Grande 1.4 Fire Active;2011;54000;Düz;Benzin;Gri; Tamamý orijinal 
430000;EVO 1.3 Multijet Active;2011;237000;Düz;Dizel;Beyaz; 2 boyalý 
440000;EVO 1.3 Multijet Dynamic;2011;258000;Düz;Dizel;Gri (titanyum); 6 boyalý 
310000;1.3 Multijet Dynamic;2005;192000;Düz;Dizel;Gri; 1 deðiþen, 2 boyalý 
560000;Grande 1.4 Fire Dynamic;2010;147300;Yarý Otomatik;LPG & Benzin;Siyah; Tamamý orijinal 
625000;1.4 Popstar S&S;2016;88000;Düz;Benzin;Beyaz; Tamamý orijinal 
385000;1.4 Dynamic;2004;113500;Düz;Benzin;Kýrmýzý; Tamamý orijinal 
475000;1.4 Pop S&S;2012;235000;Düz;LPG & Benzin;Beyaz; 2 deðiþen, 1 boyalý 
390000;Grande 1.4 Fire Active;2008;260000;Yarý Otomatik;LPG & Benzin;Mavi (metalik); 1 deðiþen 
535000;1.4 Popstar S&S;2016;98000;Düz;Benzin;Gri; 1 deðiþen 
525000;Grande 1.3 Multijet Active;2011;117000;Düz;Dizel;Beyaz; Tamamý orijinal 
390000;Grande 1.3 Multijet Dynamic;2006;245000;Düz;Dizel;Lacivert; 4 boyalý 
378500;1.4 Dynamic;2004;125000;Düz;LPG & Benzin;Kýrmýzý; Tamamý orijinal 
450000;Grande 1.4 Fire Dynamic;2009;109000;Düz;Benzin;Siyah; 4 boyalý 
480000;1.3 Multijet Pop;2013;196700;Düz;Dizel;Beyaz; 8 boyalý 
319000;1.3 Multijet Dynamic;2004;332000;Düz;Dizel;Bordo; 2 deðiþen, 9 boyalý 
400000;Grande 1.4 Fire S&S;2012;240000;Düz;LPG & Benzin;Kýrmýzý; 2 deðiþen, 7 boyalý 
439000;Grande 1.4 Fire Dynamic;2009;153500;Düz;Benzin;Siyah; Tamamý orijinal 
545000;1.3 Multijet Pop;2012;89000;Düz;Dizel;Gri (titanyum); 3 boyalý 
495000;Grande 1.4 Fire S&S;2011;161500;Düz;LPG & Benzin;Kýrmýzý; Tamamý orijinal 
360000;Grande 1.3 Multijet Active;2007;353500;Düz;Dizel;Gri (metalik); 2 boyalý 
550000;EVO 1.3 Multijet Dynamic;2011;145500;Düz;Dizel;Gri (metalik); 1 deðiþen, 2 boyalý 
360000;1.3 Multijet Pop;2012;261000;Düz;Dizel;Gri; 3 deðiþen, 3 boyalý 
520000;1.4 Popstar S&S;2014;127500;Düz;LPG & Benzin;Gri (Gümüþ); 1 deðiþen, 2 boyalý 
375000;EVO 1.3 Multijet Active;2012;303000;Düz;Dizel;Beyaz; 1 deðiþen, 3 boyalý 
435000;Grande 1.3 Multijet Active;2010;210000;Düz;Dizel;Gri (Gümüþ); 1 deðiþen, 1 boyalý 
459000;Grande 1.4 Fire Active;2008;172500;Düz;LPG & Benzin;Kýrmýzý; 4 boyalý 
435000;Grande 1.3 Multijet Active;2008;218000;Düz;Dizel;Siyah; Tamamý orijinal 
360000;Grande 1.3 Multijet 1.3 Multijet;2011;280000;Düz;Dizel;Beyaz; 1 deðiþen, 4 boyalý 
555000;Grande 1.4 Fire Dynamic;2009;63000;Yarý Otomatik;Benzin;Siyah; Tamamý orijinal 
440000;1.4 Pop S&S;2012;160000;Düz;LPG & Benzin;Beyaz; 6 boyalý 
420000;Grande 1.3 Multijet 1.3 Multijet;2011;168000;Düz;Dizel;Gri; 1 deðiþen, 7 boyalý 
470000;Grande 1.2 S5;2010;180774;Düz;Benzin;Beyaz; 4 boyalý 
550000;1.3 Multijet Lounge;2012;68500;Düz;Dizel;Gri (metalik); 1 deðiþen, 2 boyalý 
495000;Grande 1.3 Multijet 1.3 Multijet;2012;218000;Düz;Dizel;Beyaz; 3 deðiþen, 7 boyalý 
355500;1.4 Dynamic;2007;243000;Yarý Otomatik;LPG & Benzin;Mavi; Tamamý boyalý 
550000;EVO 1.4 Dynamic;2011;130000;Yarý Otomatik;LPG & Benzin;Beyaz; Tamamý orijinal 
540000;1.4 Pop S&S;2012;127000;Yarý Otomatik;LPG & Benzin;Beyaz; 1 deðiþen, 2 boyalý 
490000;1.4 Pop S&S;2012;142000;Düz;LPG & Benzin;Beyaz; Tamamý orijinal 
324000;Grande 1.3 Multijet Active;2006;230000;Düz;Dizel;Siyah; 2 deðiþen, 11 boyalý 
465000;1.3 Multijet Easy;2012;193200;Düz;Dizel;Bej; 1 deðiþen, 5 boyalý 
355000;Grande 1.3 Multijet Dynamic;2011;332000;Düz;Dizel;Beyaz; 2 deðiþen, 5 boyalý 
400000;Grande 1.4 Starjet Dynamic;2007;225000;Düz;LPG & Benzin;Gri; Tamamý orijinal 
415000;EVO 1.3 Multijet Active;2011;285000;Düz;Dizel;Gri; 1 deðiþen, 4 boyalý 
550000;EVO 1.4 Dynamic;2011;145000;Yarý Otomatik;Benzin;Beyaz; Tamamý orijinal 
330000;EVO 1.4 Fire Dynamic;2006;199600;Yarý Otomatik;Benzin;Kýrmýzý; 2 deðiþen, 5 boyalý 
400000;EVO 1.3 Multijet Dynamic;2011;259000;Düz;Dizel;Siyah; 4 boyalý 
412000;Grande 1.4 Fire Dynamic;2008;258000;Düz;Benzin;Kýrmýzý; 2 deðiþen, 2 boyalý 
455000;EVO 1.3 Multijet Active;2012;180000;Düz;Dizel;Beyaz; 3 boyalý 
490000;1.3 Multijet Popstar;2014;181000;Düz;Dizel;Beyaz; 4 boyalý 
469000;Grande 1.4 Fire Active;2010;164000;Düz;LPG & Benzin;Beyaz; Tamamý orijinal 
305000;1.3 Multijet Dynamic;2006;281000;Düz;Dizel;Gri; 2 boyalý 
452500;Grande 1.4 Fire Dynamic;2010;174000;Düz;LPG & Benzin;Kýrmýzý; 1 deðiþen, 2 boyalý 
375000;Grande 1.4 Fire Active;2007;285000;Düz;LPG & Benzin;Kýrmýzý; 4 boyalý 
535000;1.2 Pop;2013;139250;Düz;Benzin;Beyaz; Tamamý orijinal 
600000;EVO 1.3 Multijet Dynamic;2012;80000;Düz;Dizel;Gri; 1 deðiþen, 1 boyalý 
440000;Grande 1.4 Fire Dynamic;2007;136000;Yarý Otomatik;Benzin;Gri (titanyum); 3 boyalý 
388000;Grande 1.4 Fire Active;2006;162000;Düz;LPG & Benzin;Siyah; 1 boyalý 
475000;1.3 Multijet Lounge;2012;121900;Düz;Dizel;Beyaz; 2 deðiþen 
225000;1.7 D;1998;37000;Düz;Dizel;Gri;Tamamý orijinal
;;;;;;;
517000;1.4 Popstar S&S;2015;66000;Düz;Benzin;Beyaz;1 deðiþen
540000;1.4 Popstar S&S;2016;88000;Düz;LPG & Benzin;Beyaz; Tamamý orijinal 
525000;1.4 Popstar S&S;2016;128000;Düz;LPG & Benzin;Beyaz; Tamamý orijinal 
555000;1.4 Popstar S&S;2015;95000;Düz;Benzin;Beyaz; Tamamý orijinal 
515000;1.4 Popstar S&S;2016;100000;Düz;LPG & Benzin;Kýrmýzý;1 boyalý
600000;1.4 Popstar S&S;2017;57000;Düz;LPG & Benzin;Füme;1 boyalý
595000;1.4 Popstar S&S;2016;95000;Düz;LPG & Benzin;Gri; Tamamý orijinal 
580000;1.4 Popstar S&S;2017;53000;Düz;Benzin;Beyaz; Tamamý orijinal 
550000;1.4 Popstar S&S;2016;98000;Düz;Benzin;Kýrmýzý; Tamamý orijinal 
448000;1.4 Popstar S&S;2014;117000;Düz;LPG & Benzin;Beyaz;1 deðiþen, 5 boyalý
475000;1.4 Popstar S&S;2016;97500;Düz;LPG & Benzin;Gri (Gümüþ); 3 boyalý 
365000;1.4 Popstar S&S;2014;198000;Düz;LPG & Benzin;Beyaz; Tamamý orijinal 
583500;1.4 Popstar S&S;2017;49500;Düz;Benzin;Gri; Tamamý orijinal 
520000;1.4 Popstar S&S;2016;167000;Düz;LPG & Benzin;Gri (Gümüþ); Tamamý orijinal 
495000;1.4 Popstar S&S;2016;70500;Düz;Benzin;Beyaz; Tamamý orijinal 
510000;1.4 Popstar S&S;2014;120000;Düz;Benzin;Beyaz; Tamamý orijinal 
550000;1.4 Popstar S&S;2015;71000;Düz;Benzin;Gri (Gümüþ);2 boyalý
605000;1.4 Popstar S&S;2015;133000;Düz;Benzin;Beyaz;1 boyalý
549000;1.4 Popstar S&S;2015;76000;Düz;LPG & Benzin;Kýrmýzý;2 boyalý
595000;1.4 Popstar S&S;2015;121000;Düz;LPG & Benzin;Beyaz; Tamamý orijinal 
525000;1.4 Popstar S&S;2015;208000;Düz;Benzin;Beyaz; Tamamý orijinal 
515000;1.4 Popstar S&S;2015;193000;Düz;Benzin;Beyaz;1 deðiþen
580000;1.4 Popstar S&S;2015;59000;Düz;Benzin;Siyah; Tamamý orijinal 
510000;1.4 Popstar S&S;2015;95000;Düz;LPG & Benzin;Beyaz; 1 deðiþen, 2 boyalý 
585000;1.4 Popstar S&S;2017;78027;Düz;Benzin;Kýrmýzý;1 boyalý
600000;1.4 Popstar S&S;2017;85000;Düz;Benzin;Beyaz; Tamamý orijinal 
624950;1.4 Popstar S&S;2017;78000;Düz;Benzin;Mavi; Tamamý orijinal 
570000;1.4 Popstar S&S;2017;101500;Düz;LPG & Benzin;Beyaz;2 boyalý
